Sample_ID,I7_Index_ID,index,I5_Index_ID,index2
DSP-1001660003519-B-A01,i7DSP0097,GCTGCCGT,i5DSP0097,CCACAACA
DSP-1001660003519-B-A02,i7DSP0098,ATTCTCTA,i5DSP0098,CTTATGGA
DSP-1001660003519-B-A03,i7DSP0099,GACCTTAC,i5DSP0099,AACCGAAT
DSP-1001660003519-B-A04,i7DSP0100,AGTTGGTC,i5DSP0100,GTATAAGG
DSP-1001660003519-B-A05,i7DSP0101,ATTGGTAA,i5DSP0101,GTCTGTCG
DSP-1001660003519-B-A06,i7DSP0102,GAGTGCGA,i5DSP0102,AGAATTCT
DSP-1001660003519-B-A07,i7DSP0103,ACCACAGG,i5DSP0103,ACGTCACA
DSP-1001660003519-B-A08,i7DSP0104,GACGATCG,i5DSP0104,AGTTGTTC
DSP-1001660003519-B-A09,i7DSP0105,CACATTCA,i5DSP0105,GCAGCGTC
DSP-1001660003519-B-A10,i7DSP0106,GAGGACGG,i5DSP0106,TACTTATT
DSP-1001660003519-B-A11,i7DSP0107,AGCCTCCT,i5DSP0107,CGTGCTGA
DSP-1001660003519-B-A12,i7DSP0108,TATTCAAG,i5DSP0108,ACGCTGCT
DSP-1001660003519-B-B01,i7DSP0109,ACTCCATA,i5DSP0109,CTCATGTC
DSP-1001660003519-B-B02,i7DSP0110,TTCTATAC,i5DSP0110,ACCTTAAC
DSP-1001660003519-B-B03,i7DSP0111,GTGCATGG,i5DSP0111,GAGCGACA
DSP-1001660003519-B-B04,i7DSP0112,CCGCGTTC,i5DSP0112,CCACCGAG
DSP-1001660003519-B-B05,i7DSP0113,AGCGTATC,i5DSP0113,CGCACGGA
DSP-1001660003519-B-B06,i7DSP0114,GATCAGCA,i5DSP0114,GCGTCTGA
DSP-1001660003519-B-B07,i7DSP0115,ATATGGTA,i5DSP0115,TGAATTAA
DSP-1001660003519-B-B08,i7DSP0116,CGAGTAAT,i5DSP0116,ATAATAAT
DSP-1001660003519-B-B09,i7DSP0117,GTTGATAT,i5DSP0117,CGGACCAC
DSP-1001660003519-B-B10,i7DSP0118,TCTCTTCA,i5DSP0118,ACGCGATA
DSP-1001660003519-B-B11,i7DSP0119,GCCACCTG,i5DSP0119,CACCATTC
DSP-1001660003519-B-B12,i7DSP0120,CGTATCAG,i5DSP0120,GATTCTTG
DSP-1001660003519-B-C01,i7DSP0121,GTTGGAAC,i5DSP0121,GCGTTGGC
DSP-1001660003519-B-C02,i7DSP0122,TATAATGA,i5DSP0122,AGCCGGTC
DSP-1001660003519-B-C03,i7DSP0123,AGCTTGCG,i5DSP0123,CCTCTTCT
DSP-1001660003519-B-C04,i7DSP0124,TTCTTATG,i5DSP0124,AACTACCG
DSP-1001660003519-B-C05,i7DSP0125,CCAAGCTT,i5DSP0125,TGGTCCGG
DSP-1001660003519-B-C06,i7DSP0126,TTGCTGGC,i5DSP0126,CATGCGAC
DSP-1001660003519-B-C07,i7DSP0127,CACTCGTC,i5DSP0127,CACATTCT
DSP-1001660003519-B-C08,i7DSP0128,CCGAGAAT,i5DSP0128,ACACATCT
DSP-1001660003519-B-C09,i7DSP0129,TTCACACT,i5DSP0129,TCTCCACA
DSP-1001660003519-B-C10,i7DSP0130,AACAGGTC,i5DSP0130,ATGTGCGC
DSP-1001660003519-B-C11,i7DSP0131,GCTGTAGC,i5DSP0131,GAGAAGTC
DSP-1001660003519-B-C12,i7DSP0132,TCTGCGTG,i5DSP0132,TCCGCACG
DSP-1001660003519-B-D01,i7DSP0133,GCCGGTTC,i5DSP0133,CAATATAT
DSP-1001660003519-B-D02,i7DSP0134,AGGCTTAT,i5DSP0134,CTATTCTA
DSP-1001660003519-B-D03,i7DSP0135,CTAGGATT,i5DSP0135,TCGAAGGT
DSP-1001660003519-B-D04,i7DSP0136,TGTAAGAG,i5DSP0136,TTGGTCCG
DSP-1001660003519-B-D05,i7DSP0137,GTTCCTTG,i5DSP0137,AGGAACTT
DSP-1001660003519-B-D06,i7DSP0138,GCAGTACA,i5DSP0138,GCTAAGTT
DSP-1001660003519-B-D07,i7DSP0139,ATACGTAG,i5DSP0139,CGAGAGCA
DSP-1001660003519-B-D08,i7DSP0140,GCCTCTCT,i5DSP0140,CTTGTTCA
DSP-1001660003519-B-D09,i7DSP0141,CGCTGTGC,i5DSP0141,GAGTTATA
DSP-1001660003519-B-D10,i7DSP0142,CCGGCAAG,i5DSP0142,CGAGCGGT
DSP-1001660003519-B-D11,i7DSP0143,TGATTCGT,i5DSP0143,GTCTCTAA
DSP-1001660003519-B-D12,i7DSP0144,TTCCGGCG,i5DSP0144,TGCCAGGC
DSP-1001660003519-B-E01,i7DSP0145,GTCATCAT,i5DSP0145,TTAATTCG
DSP-1001660003519-B-E02,i7DSP0146,TTGGATTG,i5DSP0146,AATGGTTG
DSP-1001660003519-B-E03,i7DSP0147,CAACCTAA,i5DSP0147,CTGTCGAC
DSP-1001660003519-B-E04,i7DSP0148,GAGCTGTC,i5DSP0148,ATATAACA
DSP-1001660003519-B-E05,i7DSP0149,TCTTGGAA,i5DSP0149,ACGTGGTG
DSP-1001660003519-B-E06,i7DSP0150,CCATACCT,i5DSP0150,AGACACAT
DSP-1001660003519-B-E07,i7DSP0151,CGGAATTC,i5DSP0151,TCCTAAGC
DSP-1001660003519-B-E08,i7DSP0152,CATGCCTG,i5DSP0152,GATTATCA
DSP-1001660003519-B-E09,i7DSP0153,CATATAGG,i5DSP0153,AAGGTTCT
DSP-1001660003519-B-E10,i7DSP0154,TTACATAT,i5DSP0154,AGCGCCGT
DSP-1001660003519-B-E11,i7DSP0155,TCTTGTTC,i5DSP0155,TGGACACG
DSP-1001660003519-B-E12,i7DSP0156,CAGACAGA,i5DSP0156,TCACCTAA
DSP-1001660003519-B-F01,i7DSP0157,TCTCCGGA,i5DSP0157,ATGGAATC
DSP-1001660003519-B-F02,i7DSP0158,TCGGTCTG,i5DSP0158,TACTGAAG
DSP-1001660003519-B-F03,i7DSP0159,TTAGGAAG,i5DSP0159,TCACTCAT
DSP-1001660003519-B-F04,i7DSP0160,CACACACG,i5DSP0160,GCGTCGTT
DSP-1001660003519-B-F05,i7DSP0161,CTCTTAAC,i5DSP0161,GTTCGGTT
DSP-1001660003519-B-F06,i7DSP0162,TTAACCGT,i5DSP0162,CTCTCTTC
DSP-1001660003519-B-F07,i7DSP0163,TGGTGCGC,i5DSP0163,TATTGCCG
DSP-1001660003519-B-F08,i7DSP0164,AAGCAGTT,i5DSP0164,ATCCTTCT
DSP-1001660003519-B-F09,i7DSP0165,TCTCGGCT,i5DSP0165,AGATATAC
DSP-1001660003519-B-F10,i7DSP0166,TCGTACTC,i5DSP0166,GTTCGCGC
DSP-1001660003519-B-F11,i7DSP0167,CGAAGGTC,i5DSP0167,TCACAGTA
DSP-1001660003519-B-F12,i7DSP0168,CTAGTTAG,i5DSP0168,TGCGACCG
DSP-1001660003519-B-G01,i7DSP0169,TCACAGCA,i5DSP0169,CCTCGCGA
DSP-1001660003519-B-G02,i7DSP0170,CTTCCAGG,i5DSP0170,TCCTTCTC
DSP-1001660003519-B-G03,i7DSP0171,CAATTATA,i5DSP0171,GCTAGTCG
DSP-1001660003519-B-G04,i7DSP0172,TTGTGAGA,i5DSP0172,GTTCAACA
DSP-1001660003519-B-G05,i7DSP0173,GCGAGTAG,i5DSP0173,TACCACTA
DSP-1001660003519-B-G06,i7DSP0174,GCCAATAT,i5DSP0174,TGTAGTAG
DSP-1001660003519-B-G07,i7DSP0175,ACGGCATC,i5DSP0175,GAGAGAGC
DSP-1001660003519-B-G08,i7DSP0176,CTAGAGGA,i5DSP0176,CCGGCTGT
DSP-1001660003519-B-G09,i7DSP0177,TCCGCCTC,i5DSP0177,CTCATCGG
DSP-1001660003519-B-G10,i7DSP0178,AGTGTGTT,i5DSP0178,ACAGGCTC
DSP-1001660003519-B-G11,i7DSP0179,GAGACTCA,i5DSP0179,TTAAGAAG
DSP-1001660003519-B-G12,i7DSP0180,AGGCCGAG,i5DSP0180,TGTAAGGA
DSP-1001660003519-B-H01,i7DSP0181,CGCTATCA,i5DSP0181,TTAACTTA
DSP-1001660003519-B-H02,i7DSP0182,AGGTAAGG,i5DSP0182,CGTCGAAT
DSP-1001660003519-B-H03,i7DSP0183,TATGTATA,i5DSP0183,TGTGTGGC
DSP-1001660003519-B-H04,i7DSP0184,TCTAAGGC,i5DSP0184,ACCGTGTC
DSP-1001660003519-B-H05,i7DSP0185,CTAGCTCA,i5DSP0185,ATTCATGA
DSP-1001660003519-B-H06,i7DSP0186,GTCTGTAG,i5DSP0186,GCTTGCCA
DSP-1001660003519-B-H07,i7DSP0187,CTGCGCTA,i5DSP0187,AGCGCGCA
DSP-1001660003519-B-H08,i7DSP0188,TACATATT,i5DSP0188,GAACCAAG
DSP-1001660003519-B-H09,i7DSP0189,CTGTACGC,i5DSP0189,AATTGAAC
DSP-1001660003519-B-H10,i7DSP0190,GCTACGAT,i5DSP0190,AGAGCCAA
DSP-1001660003519-B-H11,i7DSP0191,AACCATAG,i5DSP0191,GACAATTA
DSP-1001660003519-B-H12,i7DSP0192,TGCCTTAA,i5DSP0192,ACCGGATT
